序号,链接,节点数
0,https://gist.githubusercontent.com/peasoft/7907a8ee2a4fa5e80cd1bd006664442c/raw/,0
1,https://raw.githubusercontent.com/qjlxg/vt/refs/heads/main/data/nodes/01h_mooo_com.txt,4
2,https://raw.githubusercontent.com/qjlxg/vt/refs/heads/main/data/nodes/02_markhe_cloudns_biz.txt,24
3,https://raw.githubusercontent.com/qjlxg/vt/refs/heads/main/data/nodes/0607_kevinbai_top.txt,24
4,https://raw.githubusercontent.com/qjlxg/vt/refs/heads/main/data/nodes/1209960_xyz.txt,3
5,https://raw.githubusercontent.com/qjlxg/vt/refs/heads/main/data/nodes/17_kclx_eu_org.txt,269
6,https://raw.githubusercontent.com/qjlxg/vt/refs/heads/main/data/nodes/1id_kinamori_xyz.txt,132
7,https://raw.githubusercontent.com/qjlxg/vt/refs/heads/main/data/nodes/5_68859609_nyc_mn.txt,24
8,https://raw.githubusercontent.com/qjlxg/vt/refs/heads/main/data/nodes/767666_xyz.txt,18
9,https://raw.githubusercontent.com/qjlxg/vt/refs/heads/main/data/nodes/851203_cxtz_001_top.txt,24
10,https://raw.githubusercontent.com/qjlxg/vt/refs/heads/main/data/nodes/a.isidomain.web.id.txt,122110
11,https://raw.githubusercontent.com/qjlxg/vt/refs/heads/main/data/nodes/a5_dyxli21_ddns_ip_net.txt,2087
12,https://raw.githubusercontent.com/qjlxg/vt/refs/heads/main/data/nodes/a_552298_xyz.txt,50
13,https://raw.githubusercontent.com/qjlxg/vt/refs/heads/main/data/nodes/a_fstores_web_id.txt,87
14,https://raw.githubusercontent.com/qjlxg/vt/refs/heads/main/data/nodes/a_isidomain_web_id.txt,0
15,https://raw.githubusercontent.com/qjlxg/vt/refs/heads/main/data/nodes/ab_com_fstores_web_id.txt,87
16,https://raw.githubusercontent.com/qjlxg/vt/refs/heads/main/data/nodes/account_gopay_midtrans_com_but_xsmnet_buzz.txt,189
17,https://raw.githubusercontent.com/qjlxg/vt/refs/heads/main/data/nodes/ads_ruangguru_com_freevpn_cloudproxyip_my_id.txt,211
18,https://raw.githubusercontent.com/qjlxg/vt/refs/heads/main/data/nodes/ads_ruangguru_com_freevpn_ndeso_xyz.txt,215
19,https://raw.githubusercontent.com/qjlxg/vt/refs/heads/main/data/nodes/ads_ruangguru_com_freevpn_turah_my_id.txt,215
20,https://raw.githubusercontent.com/qjlxg/vt/refs/heads/main/data/nodes/ads_ruangguru_com_freevpn_xhamster_biz_id.txt,215
21,https://raw.githubusercontent.com/qjlxg/vt/refs/heads/main/data/nodes/ads_ruangguru_com_freexxx_najah_biz_id.txt,215
22,https://raw.githubusercontent.com/qjlxg/vt/refs/heads/main/data/nodes/ads_ruangguru_com_freexxx_ndeso_xyz.txt,215
23,https://raw.githubusercontent.com/qjlxg/vt/refs/heads/main/data/nodes/ads_ruangguru_com_freexxx_turah_my_id.txt,215
24,https://raw.githubusercontent.com/qjlxg/vt/refs/heads/main/data/nodes/ads_ruangguru_com_freexxx_xhamster_biz_id.txt,215
25,https://raw.githubusercontent.com/qjlxg/vt/refs/heads/main/data/nodes/ads_ruangguru_com_joss_checker_ip_web_id.txt,199
26,https://raw.githubusercontent.com/qjlxg/vt/refs/heads/main/data/nodes/ads_ruangguru_com_web_bmkg_xyz.txt,215
27,https://raw.githubusercontent.com/qjlxg/vt/refs/heads/main/data/nodes/ads_ruangguru_com_web_ndeso_xyz.txt,215
28,https://raw.githubusercontent.com/qjlxg/vt/refs/heads/main/data/nodes/afi_devefun_org.txt,61
29,https://raw.githubusercontent.com/qjlxg/vt/refs/heads/main/data/nodes/aink_workerz_site.txt,183
30,https://raw.githubusercontent.com/qjlxg/vt/refs/heads/main/data/nodes/aioweb_nmira_biz_id.txt,3
31,https://raw.githubusercontent.com/qjlxg/vt/refs/heads/main/data/nodes/akun.komintod.my.id.txt,470
32,https://raw.githubusercontent.com/qjlxg/vt/refs/heads/main/data/nodes/akun_agprtm_my_id.txt,3
33,https://raw.githubusercontent.com/qjlxg/vt/refs/heads/main/data/nodes/akun_alphawave_web_id.txt,12
34,https://raw.githubusercontent.com/qjlxg/vt/refs/heads/main/data/nodes/akun_komintod_my_id.txt,933
35,https://raw.githubusercontent.com/qjlxg/vt/refs/heads/main/data/nodes/ali_digipul_ir.txt,2
36,https://raw.githubusercontent.com/qjlxg/vt/refs/heads/main/data/nodes/aling_yink_ddns_ip_net.txt,26
37,https://raw.githubusercontent.com/qjlxg/vt/refs/heads/main/data/nodes/anu_fstores_web_id.txt,87
38,https://raw.githubusercontent.com/qjlxg/vt/refs/heads/main/data/nodes/api_blibli_com_fstores_web_id.txt,87
39,https://raw.githubusercontent.com/qjlxg/vt/refs/heads/main/data/nodes/api_midtrans_com_aink_workerz_site.txt,183
40,https://raw.githubusercontent.com/qjlxg/vt/refs/heads/main/data/nodes/api_midtrans_com_cf_novantunnel_life.txt,182
41,https://raw.githubusercontent.com/qjlxg/vt/refs/heads/main/data/nodes/api_midtrans_com_freevpn_cloudproxyip_my_id.txt,215
42,https://raw.githubusercontent.com/qjlxg/vt/refs/heads/main/data/nodes/api_midtrans_com_freevpn_ndeso_web_id.txt,215
43,https://raw.githubusercontent.com/qjlxg/vt/refs/heads/main/data/nodes/api_midtrans_com_freevpn_ndeso_xyz.txt,215
44,https://raw.githubusercontent.com/qjlxg/vt/refs/heads/main/data/nodes/api_midtrans_com_freexxx_bmkg_xyz.txt,215
45,https://raw.githubusercontent.com/qjlxg/vt/refs/heads/main/data/nodes/api_midtrans_com_freexxx_ndeso_web_id.txt,215
46,https://raw.githubusercontent.com/qjlxg/vt/refs/heads/main/data/nodes/api_midtrans_com_freexxx_ndeso_xyz.txt,215
47,https://raw.githubusercontent.com/qjlxg/vt/refs/heads/main/data/nodes/api_midtrans_com_freexxx_turah_my_id.txt,215
48,https://raw.githubusercontent.com/qjlxg/vt/refs/heads/main/data/nodes/api_midtrans_com_freexxx_xhamster_biz_id.txt,215
49,https://raw.githubusercontent.com/qjlxg/vt/refs/heads/main/data/nodes/api_midtrans_com_joss_checker_ip_web_id.txt,201
50,https://raw.githubusercontent.com/qjlxg/vt/refs/heads/main/data/nodes/api_midtrans_com_web_bmkg_xyz.txt,215
51,https://raw.githubusercontent.com/qjlxg/vt/refs/heads/main/data/nodes/app_gopay_co_id_but_xsmnet_buzz.txt,189
52,https://raw.githubusercontent.com/qjlxg/vt/refs/heads/main/data/nodes/app_gopay_co_id_fstores_web_id.txt,87
53,https://raw.githubusercontent.com/qjlxg/vt/refs/heads/main/data/nodes/app_gopay_co_id_multi_xsmnet_buzz.txt,273
54,https://raw.githubusercontent.com/qjlxg/vt/refs/heads/main/data/nodes/app_midtrans_com_but_xsmnet_buzz.txt,189
55,https://raw.githubusercontent.com/qjlxg/vt/refs/heads/main/data/nodes/app_midtrans_com_multi_xsmnet_buzz.txt,273
56,https://raw.githubusercontent.com/qjlxg/vt/refs/heads/main/data/nodes/app_stg_gopay_co_id_servpn_my_id.txt,812
57,https://raw.githubusercontent.com/qjlxg/vt/refs/heads/main/data/nodes/app_symmetricnet_com.txt,12
58,https://raw.githubusercontent.com/qjlxg/vt/refs/heads/main/data/nodes/archlinux_desktop_sergionator_duckdns_org.txt,51
59,https://raw.githubusercontent.com/qjlxg/vt/refs/heads/main/data/nodes/argo_juju_nyc_mn.txt,2
60,https://raw.githubusercontent.com/qjlxg/vt/refs/heads/main/data/nodes/artatrend_ir.txt,96
61,https://raw.githubusercontent.com/qjlxg/vt/refs/heads/main/data/nodes/artatrend_mydigify_app.txt,96
62,https://raw.githubusercontent.com/qjlxg/vt/refs/heads/main/data/nodes/as_com_fstores_web_id.txt,87
63,https://raw.githubusercontent.com/qjlxg/vt/refs/heads/main/data/nodes/autodiscover_kiarant_ru.txt,24
64,https://raw.githubusercontent.com/qjlxg/vt/refs/heads/main/data/nodes/ava.game.naver.com.servpn.my.id.txt,279
65,https://raw.githubusercontent.com/qjlxg/vt/refs/heads/main/data/nodes/ava_game_naver_com_cf_novantunnel_life.txt,182
66,https://raw.githubusercontent.com/qjlxg/vt/refs/heads/main/data/nodes/ava_game_naver_com_cillnet_my_id.txt,236
67,https://raw.githubusercontent.com/qjlxg/vt/refs/heads/main/data/nodes/ava_game_naver_com_cillnet_web_id.txt,236
68,https://raw.githubusercontent.com/qjlxg/vt/refs/heads/main/data/nodes/ava_game_naver_com_freevpn_najah_biz_id.txt,215
69,https://raw.githubusercontent.com/qjlxg/vt/refs/heads/main/data/nodes/ava_game_naver_com_freevpn_ndeso_web_id.txt,211
70,https://raw.githubusercontent.com/qjlxg/vt/refs/heads/main/data/nodes/ava_game_naver_com_freevpn_ndeso_xyz.txt,215
71,https://raw.githubusercontent.com/qjlxg/vt/refs/heads/main/data/nodes/ava_game_naver_com_freevpn_xhamster_biz_id.txt,215
72,https://raw.githubusercontent.com/qjlxg/vt/refs/heads/main/data/nodes/ava_game_naver_com_fsid_web_id.txt,87
73,https://raw.githubusercontent.com/qjlxg/vt/refs/heads/main/data/nodes/ava_game_naver_com_fstores_web_id.txt,87
74,https://raw.githubusercontent.com/qjlxg/vt/refs/heads/main/data/nodes/ava_game_naver_com_id1_qerleng_my_id.txt,20
75,https://raw.githubusercontent.com/qjlxg/vt/refs/heads/main/data/nodes/ava_game_naver_com_joss_checker_ip_web_id.txt,201
76,https://raw.githubusercontent.com/qjlxg/vt/refs/heads/main/data/nodes/ava_game_naver_com_servpn_my_id.txt,812
77,https://raw.githubusercontent.com/qjlxg/vt/refs/heads/main/data/nodes/ava_game_naver_com_sg1_hinamori_xyz.txt,444
78,https://raw.githubusercontent.com/qjlxg/vt/refs/heads/main/data/nodes/ava_game_naver_com_vipren_biz_id.txt,32
79,https://raw.githubusercontent.com/qjlxg/vt/refs/heads/main/data/nodes/ava_game_naver_com_vless_mhmmddnl_my_id.txt,103
80,https://raw.githubusercontent.com/qjlxg/vt/refs/heads/main/data/nodes/ava_game_naver_com_web_bmkg_xyz.txt,211
81,https://raw.githubusercontent.com/qjlxg/vt/refs/heads/main/data/nodes/ava_game_naver_com_xsm_web_id.txt,12
82,https://raw.githubusercontent.com/qjlxg/vt/refs/heads/main/data/nodes/ava_game_naver_com_yaya_web_id.txt,141
83,https://raw.githubusercontent.com/qjlxg/vt/refs/heads/main/data/nodes/ava_game_naver_com_zee_upigg_my_id.txt,163
84,https://raw.githubusercontent.com/qjlxg/vt/refs/heads/main/data/nodes/b.isidomain.web.id.txt,6
85,https://raw.githubusercontent.com/qjlxg/vt/refs/heads/main/data/nodes/b_fstores_web_id.txt,87
86,https://raw.githubusercontent.com/qjlxg/vt/refs/heads/main/data/nodes/b_isidomain_web_id.txt,0
87,https://raw.githubusercontent.com/qjlxg/vt/refs/heads/main/data/nodes/bakrie.ac.id.wilcard.cyantiknya.my.id.txt,575
88,https://raw.githubusercontent.com/qjlxg/vt/refs/heads/main/data/nodes/bakrie_ac_id_multi_xsmnet_buzz.txt,273
89,https://raw.githubusercontent.com/qjlxg/vt/refs/heads/main/data/nodes/bakrie_ac_id_servpn_my_id.txt,812
90,https://raw.githubusercontent.com/qjlxg/vt/refs/heads/main/data/nodes/bakrie_ac_id_wilcard_cyantiknya_my_id.txt,1707
91,https://raw.githubusercontent.com/qjlxg/vt/refs/heads/main/data/nodes/beta_zoom_us_joss_checker_ip_web_id.txt,201
92,https://raw.githubusercontent.com/qjlxg/vt/refs/heads/main/data/nodes/bimbel_ruangguru_com_fsid_web_id.txt,87
93,https://raw.githubusercontent.com/qjlxg/vt/refs/heads/main/data/nodes/bimbel_ruangguru_com_fstores_web_id.txt,87
94,https://raw.githubusercontent.com/qjlxg/vt/refs/heads/main/data/nodes/bk_saofan_top.txt,67
95,https://raw.githubusercontent.com/qjlxg/vt/refs/heads/main/data/nodes/blog_internetacc_live.txt,114
96,https://raw.githubusercontent.com/qjlxg/vt/refs/heads/main/data/nodes/blog_ruangguru_com_servpn_my_id.txt,812
97,https://raw.githubusercontent.com/qjlxg/vt/refs/heads/main/data/nodes/blog_saofan_top.txt,67
98,https://raw.githubusercontent.com/qjlxg/vt/refs/heads/main/data/nodes/blog_webex_com_cillnet_my_id.txt,236
99,https://raw.githubusercontent.com/qjlxg/vt/refs/heads/main/data/nodes/blog_webex_com_freevpn_najah_biz_id.txt,215
100,https://raw.githubusercontent.com/qjlxg/vt/refs/heads/main/data/nodes/blog_webex_com_freevpn_ndeso_web_id.txt,215
101,https://raw.githubusercontent.com/qjlxg/vt/refs/heads/main/data/nodes/blog_webex_com_freexxx_bmkg_xyz.txt,215
102,https://raw.githubusercontent.com/qjlxg/vt/refs/heads/main/data/nodes/blog_webex_com_freexxx_cloudproxyip_my_id.txt,215
103,https://raw.githubusercontent.com/qjlxg/vt/refs/heads/main/data/nodes/blog_webex_com_freexxx_ndeso_web_id.txt,215
104,https://raw.githubusercontent.com/qjlxg/vt/refs/heads/main/data/nodes/blog_webex_com_fstores_web_id.txt,87
105,https://raw.githubusercontent.com/qjlxg/vt/refs/heads/main/data/nodes/blog_webex_com_joss_checker_ip_web_id.txt,201
106,https://raw.githubusercontent.com/qjlxg/vt/refs/heads/main/data/nodes/blog_webex_com_lufeng_pw.txt,167
107,https://raw.githubusercontent.com/qjlxg/vt/refs/heads/main/data/nodes/blog_webex_com_web_bmkg_xyz.txt,215
108,https://raw.githubusercontent.com/qjlxg/vt/refs/heads/main/data/nodes/blog_webex_com_web_ndeso_xyz.txt,215
109,https://raw.githubusercontent.com/qjlxg/vt/refs/heads/main/data/nodes/blog_webex_com_yaya_web_id.txt,141
110,https://raw.githubusercontent.com/qjlxg/vt/refs/heads/main/data/nodes/bluehat358_web_id.txt,16
111,https://raw.githubusercontent.com/qjlxg/vt/refs/heads/main/data/nodes/but_xsmnet_buzz.txt,189
112,https://raw.githubusercontent.com/qjlxg/vt/refs/heads/main/data/nodes/c_552298_xyz.txt,50
113,https://raw.githubusercontent.com/qjlxg/vt/refs/heads/main/data/nodes/c_bnn_xyz.txt,47
114,https://raw.githubusercontent.com/qjlxg/vt/refs/heads/main/data/nodes/cache.netflix.com.unlimited.spauu.web.id.txt,405
115,https://raw.githubusercontent.com/qjlxg/vt/refs/heads/main/data/nodes/cache_netflix_com_but_xsmnet_buzz.txt,189
116,https://raw.githubusercontent.com/qjlxg/vt/refs/heads/main/data/nodes/cache_netflix_com_cf_novantunnel_life.txt,182
117,https://raw.githubusercontent.com/qjlxg/vt/refs/heads/main/data/nodes/cache_netflix_com_cillnet_my_id.txt,236
118,https://raw.githubusercontent.com/qjlxg/vt/refs/heads/main/data/nodes/cache_netflix_com_freevpn_bmkg_xyz.txt,215
119,https://raw.githubusercontent.com/qjlxg/vt/refs/heads/main/data/nodes/cache_netflix_com_freevpn_cloudproxyip_my_id.txt,215
120,https://raw.githubusercontent.com/qjlxg/vt/refs/heads/main/data/nodes/cache_netflix_com_freevpn_najah_biz_id.txt,215
121,https://raw.githubusercontent.com/qjlxg/vt/refs/heads/main/data/nodes/cache_netflix_com_freevpn_turah_my_id.txt,215
122,https://raw.githubusercontent.com/qjlxg/vt/refs/heads/main/data/nodes/cache_netflix_com_freevpn_xhamster_biz_id.txt,215
123,https://raw.githubusercontent.com/qjlxg/vt/refs/heads/main/data/nodes/cache_netflix_com_freexxx_cloudproxyip_my_id.txt,215
124,https://raw.githubusercontent.com/qjlxg/vt/refs/heads/main/data/nodes/cache_netflix_com_freexxx_turah_my_id.txt,215
125,https://raw.githubusercontent.com/qjlxg/vt/refs/heads/main/data/nodes/cache_netflix_com_freexxx_xhamster_biz_id.txt,215
126,https://raw.githubusercontent.com/qjlxg/vt/refs/heads/main/data/nodes/cache_netflix_com_fsid_web_id.txt,87
127,https://raw.githubusercontent.com/qjlxg/vt/refs/heads/main/data/nodes/cache_netflix_com_fstores_web_id.txt,87
128,https://raw.githubusercontent.com/qjlxg/vt/refs/heads/main/data/nodes/cache_netflix_com_joss_checker_ip_web_id.txt,201
129,https://raw.githubusercontent.com/qjlxg/vt/refs/heads/main/data/nodes/cache_netflix_com_lufeng_pw.txt,167
130,https://raw.githubusercontent.com/qjlxg/vt/refs/heads/main/data/nodes/cache_netflix_com_spauu_web_id.txt,232
131,https://raw.githubusercontent.com/qjlxg/vt/refs/heads/main/data/nodes/cache_netflix_com_unlimited_spauu_web_id.txt,1208
132,https://raw.githubusercontent.com/qjlxg/vt/refs/heads/main/data/nodes/cache_netflix_com_vless_mhmmddnl_my_id.txt,103
133,https://raw.githubusercontent.com/qjlxg/vt/refs/heads/main/data/nodes/cache_netflix_com_web_bmkg_xyz.txt,215
134,https://raw.githubusercontent.com/qjlxg/vt/refs/heads/main/data/nodes/cache_netflix_com_web_ndeso_xyz.txt,215
135,https://raw.githubusercontent.com/qjlxg/vt/refs/heads/main/data/nodes/cache_netflix_com_yaya_web_id.txt,141
136,https://raw.githubusercontent.com/qjlxg/vt/refs/heads/main/data/nodes/cache_netflix_com_zee_upigg_my_id.txt,163
137,https://raw.githubusercontent.com/qjlxg/vt/refs/heads/main/data/nodes/cdn_zoom_us_fsid_web_id.txt,87
138,https://raw.githubusercontent.com/qjlxg/vt/refs/heads/main/data/nodes/cf_shopee_co_id_sea_sw_swiftserve_com_fstores_web_id.txt,87
139,https://raw.githubusercontent.com/qjlxg/vt/refs/heads/main/data/nodes/cf_vless_sandesh_fr.txt,321
140,https://raw.githubusercontent.com/qjlxg/vt/refs/heads/main/data/nodes/cfvless_zerostore_web_id.txt,46
141,https://raw.githubusercontent.com/qjlxg/vt/refs/heads/main/data/nodes/cg_519530_xyz.txt,24
142,https://raw.githubusercontent.com/qjlxg/vt/refs/heads/main/data/nodes/chat_sociomile_com_but_xsmnet_buzz.txt,190
143,https://raw.githubusercontent.com/qjlxg/vt/refs/heads/main/data/nodes/chgo_131412_ren.txt,24
144,https://raw.githubusercontent.com/qjlxg/vt/refs/heads/main/data/nodes/chormego_cfvps_pp_ua.txt,24
145,https://raw.githubusercontent.com/qjlxg/vt/refs/heads/main/data/nodes/chromego_19880411_xyz.txt,24
146,https://raw.githubusercontent.com/qjlxg/vt/refs/heads/main/data/nodes/chromego_2018k_top.txt,24
147,https://raw.githubusercontent.com/qjlxg/vt/refs/heads/main/data/nodes/chromego_858666_xyz.txt,22
148,https://raw.githubusercontent.com/qjlxg/vt/refs/heads/main/data/nodes/chromego_cssg_eu_org.txt,24
149,https://raw.githubusercontent.com/qjlxg/vt/refs/heads/main/data/nodes/chromego_kingking_eu_org.txt,24
150,https://raw.githubusercontent.com/qjlxg/vt/refs/heads/main/data/nodes/chromego_ntbowen_pp_ua.txt,24
151,https://raw.githubusercontent.com/qjlxg/vt/refs/heads/main/data/nodes/chromego_qiche_eu_org.txt,24
152,https://raw.githubusercontent.com/qjlxg/vt/refs/heads/main/data/nodes/chromego_tink_eu_org.txt,24
153,https://raw.githubusercontent.com/qjlxg/vt/refs/heads/main/data/nodes/chromegohuoqu_jfgj775_workers_dev_cyl_cloudns_org.txt,24
154,https://raw.githubusercontent.com/qjlxg/vt/refs/heads/main/data/nodes/clash_pikju_top.txt,24
155,https://raw.githubusercontent.com/qjlxg/vt/refs/heads/main/data/nodes/co_id_fstores_web_id.txt,87
156,https://raw.githubusercontent.com/qjlxg/vt/refs/heads/main/data/nodes/com.isidomain.web.id.txt,6
157,https://raw.githubusercontent.com/qjlxg/vt/refs/heads/main/data/nodes/com_fstores_web_id.txt,87
158,https://raw.githubusercontent.com/qjlxg/vt/refs/heads/main/data/nodes/com_isidomain_web_id.txt,0
159,https://raw.githubusercontent.com/qjlxg/vt/refs/heads/main/data/nodes/creativeservices_netflix_com_joss_checker_ip_web_id.txt,201
160,https://raw.githubusercontent.com/qjlxg/vt/refs/heads/main/data/nodes/d_552298_xyz.txt,50
161,https://raw.githubusercontent.com/qjlxg/vt/refs/heads/main/data/nodes/daohang_guangyuego_top.txt,193
162,https://raw.githubusercontent.com/qjlxg/vt/refs/heads/main/data/nodes/data_mt_joss_checker_ip_web_id.txt,201
163,https://raw.githubusercontent.com/qjlxg/vt/refs/heads/main/data/nodes/dd_uoidxj_eu_org.txt,22
164,https://raw.githubusercontent.com/qjlxg/vt/refs/heads/main/data/nodes/dedi_xl_unlimited_web_id.txt,174
165,https://raw.githubusercontent.com/qjlxg/vt/refs/heads/main/data/nodes/df_ava_game_naver_com_fsid_web_id.txt,87
166,https://raw.githubusercontent.com/qjlxg/vt/refs/heads/main/data/nodes/df_ava_game_naver_com_fstores_web_id.txt,87
167,https://raw.githubusercontent.com/qjlxg/vt/refs/heads/main/data/nodes/df_game_naver_com_jfu_hanatabata_xyz.txt,696
168,https://raw.githubusercontent.com/qjlxg/vt/refs/heads/main/data/nodes/df_game_naver_com_joss_checker_ip_web_id.txt,201
169,https://raw.githubusercontent.com/qjlxg/vt/refs/heads/main/data/nodes/df_game_naver_com_multi_swdstore_xyz.txt,129
170,https://raw.githubusercontent.com/qjlxg/vt/refs/heads/main/data/nodes/drnajdi_com.txt,245
171,https://raw.githubusercontent.com/qjlxg/vt/refs/heads/main/data/nodes/e_552298_xyz.txt,50
172,https://raw.githubusercontent.com/qjlxg/vt/refs/heads/main/data/nodes/edu_ruangguru_com_vless_mhmmddnl_my_id.txt,103
173,https://raw.githubusercontent.com/qjlxg/vt/refs/heads/main/data/nodes/edu_ruangguru_com_yaya_web_id.txt,141
174,https://raw.githubusercontent.com/qjlxg/vt/refs/heads/main/data/nodes/esi1_ghavi8_ir.txt,4
175,https://raw.githubusercontent.com/qjlxg/vt/refs/heads/main/data/nodes/ezzit_baikeog_com.txt,2
176,https://raw.githubusercontent.com/qjlxg/vt/refs/heads/main/data/nodes/f_behnamf_com.txt,179
177,https://raw.githubusercontent.com/qjlxg/vt/refs/heads/main/data/nodes/fb_com_fstores_web_id.txt,87
178,https://raw.githubusercontent.com/qjlxg/vt/refs/heads/main/data/nodes/fdfsdf_ghavi8_ir.txt,4
179,https://raw.githubusercontent.com/qjlxg/vt/refs/heads/main/data/nodes/fey_fshop_web_id.txt,87
180,https://raw.githubusercontent.com/qjlxg/vt/refs/heads/main/data/nodes/fq_lqiang_link.txt,6
181,https://raw.githubusercontent.com/qjlxg/vt/refs/heads/main/data/nodes/free_lalash_ir.txt,52
182,https://raw.githubusercontent.com/qjlxg/vt/refs/heads/main/data/nodes/freenode_datasets_cc.txt,31
183,https://raw.githubusercontent.com/qjlxg/vt/refs/heads/main/data/nodes/freevpn_bmkg_xyz.txt,211
184,https://raw.githubusercontent.com/qjlxg/vt/refs/heads/main/data/nodes/freevpn_cloudproxyip_my_id.txt,215
185,https://raw.githubusercontent.com/qjlxg/vt/refs/heads/main/data/nodes/freevpn_ndeso_web_id.txt,215
186,https://raw.githubusercontent.com/qjlxg/vt/refs/heads/main/data/nodes/freevpn_ndeso_xyz.txt,215
187,https://raw.githubusercontent.com/qjlxg/vt/refs/heads/main/data/nodes/freevpn_turah_my_id.txt,215
188,https://raw.githubusercontent.com/qjlxg/vt/refs/heads/main/data/nodes/freevpn_xhamster_biz_id.txt,215
189,https://raw.githubusercontent.com/qjlxg/vt/refs/heads/main/data/nodes/freexxx_bmkg_xyz.txt,215
190,https://raw.githubusercontent.com/qjlxg/vt/refs/heads/main/data/nodes/freexxx_cloudproxyip_my_id.txt,215
191,https://raw.githubusercontent.com/qjlxg/vt/refs/heads/main/data/nodes/freexxx_najah_biz_id.txt,215
192,https://raw.githubusercontent.com/qjlxg/vt/refs/heads/main/data/nodes/freexxx_ndeso_web_id.txt,215
193,https://raw.githubusercontent.com/qjlxg/vt/refs/heads/main/data/nodes/freexxx_ndeso_xyz.txt,211
194,https://raw.githubusercontent.com/qjlxg/vt/refs/heads/main/data/nodes/freexxx_turah_my_id.txt,211
195,https://raw.githubusercontent.com/qjlxg/vt/refs/heads/main/data/nodes/freexxx_xhamster_biz_id.txt,215
196,https://raw.githubusercontent.com/qjlxg/vt/refs/heads/main/data/nodes/fshop_web_id.txt,87
197,https://raw.githubusercontent.com/qjlxg/vt/refs/heads/main/data/nodes/fsid_web_id.txt,87
198,https://raw.githubusercontent.com/qjlxg/vt/refs/heads/main/data/nodes/fstores_web_id.txt,87
199,https://raw.githubusercontent.com/qjlxg/vt/refs/heads/main/data/nodes/game_naver_com_fstores_web_id.txt,87
200,https://raw.githubusercontent.com/qjlxg/vt/refs/heads/main/data/nodes/gaofumei_net.txt,723
201,https://raw.githubusercontent.com/qjlxg/vt/refs/heads/main/data/nodes/gfw_jingpengkun_com.txt,4
202,https://raw.githubusercontent.com/qjlxg/vt/refs/heads/main/data/nodes/gg_2fly_eu_org.txt,24
203,https://raw.githubusercontent.com/qjlxg/vt/refs/heads/main/data/nodes/go1_z5151_cloudns_biz.txt,24
204,https://raw.githubusercontent.com/qjlxg/vt/refs/heads/main/data/nodes/go_20121020_xyz.txt,24
205,https://raw.githubusercontent.com/qjlxg/vt/refs/heads/main/data/nodes/go_970097_xyz.txt,24
206,https://raw.githubusercontent.com/qjlxg/vt/refs/heads/main/data/nodes/go_kingking_eu_org.txt,24
207,https://raw.githubusercontent.com/qjlxg/vt/refs/heads/main/data/nodes/go_maovps_eu_org.txt,24
208,https://raw.githubusercontent.com/qjlxg/vt/refs/heads/main/data/nodes/go_minaminanami_eu_org.txt,24
209,https://raw.githubusercontent.com/qjlxg/vt/refs/heads/main/data/nodes/goclash_topmarco_tech.txt,4
210,https://raw.githubusercontent.com/qjlxg/vt/refs/heads/main/data/nodes/gomarketplacecontent_cf_zoom_us_fstores_web_id.txt,87
211,https://raw.githubusercontent.com/qjlxg/vt/refs/heads/main/data/nodes/gopay_co_id_fstores_web_id.txt,87
212,https://raw.githubusercontent.com/qjlxg/vt/refs/heads/main/data/nodes/help_zoom_us_fsid_web_id.txt,87
213,https://raw.githubusercontent.com/qjlxg/vt/refs/heads/main/data/nodes/hid_gexoty_com.txt,17
214,https://raw.githubusercontent.com/qjlxg/vt/refs/heads/main/data/nodes/httpupgrade.hellboy.eu.org.txt,5187
215,https://raw.githubusercontent.com/qjlxg/vt/refs/heads/main/data/nodes/httpupgrade_hellboy_eu_org.txt,17613
216,https://raw.githubusercontent.com/qjlxg/vt/refs/heads/main/data/nodes/id1_qerleng_my_id.txt,20
217,https://raw.githubusercontent.com/qjlxg/vt/refs/heads/main/data/nodes/id_fstores_web_id.txt,87
218,https://raw.githubusercontent.com/qjlxg/vt/refs/heads/main/data/nodes/id_server7_xyz.txt,80
219,https://raw.githubusercontent.com/qjlxg/vt/refs/heads/main/data/nodes/img_email1_vidio_com_joss_checker_ip_web_id.txt,201
220,https://raw.githubusercontent.com/qjlxg/vt/refs/heads/main/data/nodes/img_email2_vidio_com_joss_checker_ip_web_id.txt,201
221,https://raw.githubusercontent.com/qjlxg/vt/refs/heads/main/data/nodes/img_email3_vidio_com_joss_checker_ip_web_id.txt,201
222,https://raw.githubusercontent.com/qjlxg/vt/refs/heads/main/data/nodes/int_vidio_com_fstores_web_id.txt,87
223,https://raw.githubusercontent.com/qjlxg/vt/refs/heads/main/data/nodes/investor_fb_com_but_xsmnet_buzz.txt,189
224,https://raw.githubusercontent.com/qjlxg/vt/refs/heads/main/data/nodes/investor_fb_com_cillnet_web_id.txt,236
225,https://raw.githubusercontent.com/qjlxg/vt/refs/heads/main/data/nodes/investor_fb_com_freevpn_najah_biz_id.txt,215
226,https://raw.githubusercontent.com/qjlxg/vt/refs/heads/main/data/nodes/investor_fb_com_freevpn_ndeso_xyz.txt,215
227,https://raw.githubusercontent.com/qjlxg/vt/refs/heads/main/data/nodes/investor_fb_com_freevpn_turah_my_id.txt,215
228,https://raw.githubusercontent.com/qjlxg/vt/refs/heads/main/data/nodes/investor_fb_com_freevpn_xhamster_biz_id.txt,215
229,https://raw.githubusercontent.com/qjlxg/vt/refs/heads/main/data/nodes/investor_fb_com_freexxx_cloudproxyip_my_id.txt,215
230,https://raw.githubusercontent.com/qjlxg/vt/refs/heads/main/data/nodes/investor_fb_com_freexxx_ndeso_web_id.txt,215
231,https://raw.githubusercontent.com/qjlxg/vt/refs/heads/main/data/nodes/investor_fb_com_freexxx_ndeso_xyz.txt,215
232,https://raw.githubusercontent.com/qjlxg/vt/refs/heads/main/data/nodes/investor_fb_com_freexxx_xhamster_biz_id.txt,215
233,https://raw.githubusercontent.com/qjlxg/vt/refs/heads/main/data/nodes/investor_fb_com_fsid_web_id.txt,87
234,https://raw.githubusercontent.com/qjlxg/vt/refs/heads/main/data/nodes/investor_fb_com_fstores_web_id.txt,87
235,https://raw.githubusercontent.com/qjlxg/vt/refs/heads/main/data/nodes/investor_fb_com_web_bmkg_xyz.txt,215
236,https://raw.githubusercontent.com/qjlxg/vt/refs/heads/main/data/nodes/investor_fb_com_web_ndeso_xyz.txt,215
237,https://raw.githubusercontent.com/qjlxg/vt/refs/heads/main/data/nodes/investors.fb.com.wilcard.cyantiknya.my.id.txt,575
238,https://raw.githubusercontent.com/qjlxg/vt/refs/heads/main/data/nodes/investors_fb_com_wilcard_cyantiknya_my_id.txt,1707
239,https://raw.githubusercontent.com/qjlxg/vt/refs/heads/main/data/nodes/investors_spotify_com_aink_workerz_site.txt,183
240,https://raw.githubusercontent.com/qjlxg/vt/refs/heads/main/data/nodes/investors_spotify_com_cf_novantunnel_life.txt,183
241,https://raw.githubusercontent.com/qjlxg/vt/refs/heads/main/data/nodes/investors_spotify_com_freevpn_bmkg_xyz.txt,216
242,https://raw.githubusercontent.com/qjlxg/vt/refs/heads/main/data/nodes/investors_spotify_com_freevpn_najah_biz_id.txt,216
243,https://raw.githubusercontent.com/qjlxg/vt/refs/heads/main/data/nodes/investors_spotify_com_freevpn_ndeso_web_id.txt,216
244,https://raw.githubusercontent.com/qjlxg/vt/refs/heads/main/data/nodes/investors_spotify_com_freevpn_ndeso_xyz.txt,216
245,https://raw.githubusercontent.com/qjlxg/vt/refs/heads/main/data/nodes/investors_spotify_com_freevpn_turah_my_id.txt,216
246,https://raw.githubusercontent.com/qjlxg/vt/refs/heads/main/data/nodes/investors_spotify_com_freevpn_xhamster_biz_id.txt,216
247,https://raw.githubusercontent.com/qjlxg/vt/refs/heads/main/data/nodes/investors_spotify_com_freexxx_ndeso_xyz.txt,216
248,https://raw.githubusercontent.com/qjlxg/vt/refs/heads/main/data/nodes/investors_spotify_com_freexxx_turah_my_id.txt,216
249,https://raw.githubusercontent.com/qjlxg/vt/refs/heads/main/data/nodes/investors_spotify_com_fstores_web_id.txt,87
250,https://raw.githubusercontent.com/qjlxg/vt/refs/heads/main/data/nodes/investors_spotify_com_lufeng_pw.txt,167
251,https://raw.githubusercontent.com/qjlxg/vt/refs/heads/main/data/nodes/investors_spotify_com_multi_xsmnet_buzz.txt,273
252,https://raw.githubusercontent.com/qjlxg/vt/refs/heads/main/data/nodes/investors_spotify_com_vless_mhmmddnl_my_id.txt,103
253,https://raw.githubusercontent.com/qjlxg/vt/refs/heads/main/data/nodes/investors_spotify_com_web_bmkg_xyz.txt,216
254,https://raw.githubusercontent.com/qjlxg/vt/refs/heads/main/data/nodes/investors_spotify_com_zee_upigg_my_id.txt,163
255,https://raw.githubusercontent.com/qjlxg/vt/refs/heads/main/data/nodes/io_ruangguru_com_freevpn_bmkg_xyz.txt,215
256,https://raw.githubusercontent.com/qjlxg/vt/refs/heads/main/data/nodes/io_ruangguru_com_freevpn_najah_biz_id.txt,215
257,https://raw.githubusercontent.com/qjlxg/vt/refs/heads/main/data/nodes/io_ruangguru_com_freevpn_ndeso_web_id.txt,215
258,https://raw.githubusercontent.com/qjlxg/vt/refs/heads/main/data/nodes/io_ruangguru_com_freevpn_turah_my_id.txt,215
259,https://raw.githubusercontent.com/qjlxg/vt/refs/heads/main/data/nodes/io_ruangguru_com_freexxx_bmkg_xyz.txt,215
260,https://raw.githubusercontent.com/qjlxg/vt/refs/heads/main/data/nodes/io_ruangguru_com_freexxx_najah_biz_id.txt,215
261,https://raw.githubusercontent.com/qjlxg/vt/refs/heads/main/data/nodes/io_ruangguru_com_freexxx_ndeso_xyz.txt,215
262,https://raw.githubusercontent.com/qjlxg/vt/refs/heads/main/data/nodes/io_ruangguru_com_freexxx_turah_my_id.txt,215
263,https://raw.githubusercontent.com/qjlxg/vt/refs/heads/main/data/nodes/io_ruangguru_com_fsid_web_id.txt,87
264,https://raw.githubusercontent.com/qjlxg/vt/refs/heads/main/data/nodes/io_ruangguru_com_fstores_web_id.txt,87
265,https://raw.githubusercontent.com/qjlxg/vt/refs/heads/main/data/nodes/io_ruangguru_com_joss_checker_ip_web_id.txt,201
266,https://raw.githubusercontent.com/qjlxg/vt/refs/heads/main/data/nodes/io_ruangguru_com_multi_xsmnet_buzz.txt,273
267,https://raw.githubusercontent.com/qjlxg/vt/refs/heads/main/data/nodes/io_ruangguru_com_web_bmkg_xyz.txt,215
268,https://raw.githubusercontent.com/qjlxg/vt/refs/heads/main/data/nodes/io_ruangguru_com_web_ndeso_xyz.txt,215
269,https://raw.githubusercontent.com/qjlxg/vt/refs/heads/main/data/nodes/isidomain_web_id.txt,0
270,https://raw.githubusercontent.com/qjlxg/vt/refs/heads/main/data/nodes/itdog_info.txt,51
271,https://raw.githubusercontent.com/qjlxg/vt/refs/heads/main/data/nodes/ivanbayan_com.txt,429
272,https://raw.githubusercontent.com/qjlxg/vt/refs/heads/main/data/nodes/jd_isoho168_top.txt,24
273,https://raw.githubusercontent.com/qjlxg/vt/refs/heads/main/data/nodes/jdzh_justn_nyc_mn.txt,11
274,https://raw.githubusercontent.com/qjlxg/vt/refs/heads/main/data/nodes/jfu_hanatabata_xyz.txt,696
275,https://raw.githubusercontent.com/qjlxg/vt/refs/heads/main/data/nodes/joss_checker_ip_web_id.txt,201
276,https://raw.githubusercontent.com/qjlxg/vt/refs/heads/main/data/nodes/kclx_eu_org.txt,269
277,https://raw.githubusercontent.com/qjlxg/vt/refs/heads/main/data/nodes/kiarant_ru.txt,24
278,https://raw.githubusercontent.com/qjlxg/vt/refs/heads/main/data/nodes/liedown_win.txt,265
279,https://raw.githubusercontent.com/qjlxg/vt/refs/heads/main/data/nodes/linkjadid_top.txt,10
280,https://raw.githubusercontent.com/qjlxg/vt/refs/heads/main/data/nodes/list_988978_xyz.txt,6
281,https://raw.githubusercontent.com/qjlxg/vt/refs/heads/main/data/nodes/live_iflix_com_but_xsmnet_buzz.txt,189
282,https://raw.githubusercontent.com/qjlxg/vt/refs/heads/main/data/nodes/live_iflix_com_cillnet_web_id.txt,236
283,https://raw.githubusercontent.com/qjlxg/vt/refs/heads/main/data/nodes/live_iflix_com_freevpn_bmkg_xyz.txt,215
284,https://raw.githubusercontent.com/qjlxg/vt/refs/heads/main/data/nodes/live_iflix_com_freevpn_cloudproxyip_my_id.txt,215
285,https://raw.githubusercontent.com/qjlxg/vt/refs/heads/main/data/nodes/live_iflix_com_freevpn_ndeso_web_id.txt,211
286,https://raw.githubusercontent.com/qjlxg/vt/refs/heads/main/data/nodes/live_iflix_com_freevpn_turah_my_id.txt,215
287,https://raw.githubusercontent.com/qjlxg/vt/refs/heads/main/data/nodes/live_iflix_com_freevpn_xhamster_biz_id.txt,215
288,https://raw.githubusercontent.com/qjlxg/vt/refs/heads/main/data/nodes/live_iflix_com_freexxx_ndeso_xyz.txt,215
289,https://raw.githubusercontent.com/qjlxg/vt/refs/heads/main/data/nodes/live_iflix_com_freexxx_xhamster_biz_id.txt,215
290,https://raw.githubusercontent.com/qjlxg/vt/refs/heads/main/data/nodes/live_iflix_com_joss_checker_ip_web_id.txt,201
291,https://raw.githubusercontent.com/qjlxg/vt/refs/heads/main/data/nodes/live_iflix_com_web_bmkg_xyz.txt,215
292,https://raw.githubusercontent.com/qjlxg/vt/refs/heads/main/data/nodes/live_iflix_com_zee_upigg_my_id.txt,163
293,https://raw.githubusercontent.com/qjlxg/vt/refs/heads/main/data/nodes/lufeng_pw.txt,167
294,https://raw.githubusercontent.com/qjlxg/vt/refs/heads/main/data/nodes/lz_juanai_cc.txt,24
295,https://raw.githubusercontent.com/qjlxg/vt/refs/heads/main/data/nodes/m_n4key_xyz.txt,15
296,https://raw.githubusercontent.com/qjlxg/vt/refs/heads/main/data/nodes/maginajoker_top.txt,12
297,https://raw.githubusercontent.com/qjlxg/vt/refs/heads/main/data/nodes/mail_kiarant_ru.txt,24
298,https://raw.githubusercontent.com/qjlxg/vt/refs/heads/main/data/nodes/mamad_devefun_tech.txt,61
299,https://raw.githubusercontent.com/qjlxg/vt/refs/heads/main/data/nodes/maxvpn_reload_ru.txt,4
300,https://raw.githubusercontent.com/qjlxg/vt/refs/heads/main/data/nodes/mf_wlcf_lol.txt,204
301,https://raw.githubusercontent.com/qjlxg/vt/refs/heads/main/data/nodes/mgynode_com.txt,113
302,https://raw.githubusercontent.com/qjlxg/vt/refs/heads/main/data/nodes/mindir_ari_andika2_site.txt,175
303,https://raw.githubusercontent.com/qjlxg/vt/refs/heads/main/data/nodes/mixdiy_com.txt,271
304,https://raw.githubusercontent.com/qjlxg/vt/refs/heads/main/data/nodes/mssdk24_normal_useast2a_tiktokv_com_joss_checker_ip_web_id.txt,201
305,https://raw.githubusercontent.com/qjlxg/vt/refs/heads/main/data/nodes/multi_swdstore_xyz.txt,129
306,https://raw.githubusercontent.com/qjlxg/vt/refs/heads/main/data/nodes/multi_xsmnet_buzz.txt,273
307,https://raw.githubusercontent.com/qjlxg/vt/refs/heads/main/data/nodes/mylife_spauu_web_id.txt,202
308,https://raw.githubusercontent.com/qjlxg/vt/refs/heads/main/data/nodes/myv2ray_hasifjalil_my.txt,4
309,https://raw.githubusercontent.com/qjlxg/vt/refs/heads/main/data/nodes/naver_com_fstores_web_id.txt,87
310,https://raw.githubusercontent.com/qjlxg/vt/refs/heads/main/data/nodes/net_032041_xyz.txt,25
311,https://raw.githubusercontent.com/qjlxg/vt/refs/heads/main/data/nodes/netflix_com_fstores_web_id.txt,87
312,https://raw.githubusercontent.com/qjlxg/vt/refs/heads/main/data/nodes/nfs_microeco_net.txt,24
313,https://raw.githubusercontent.com/qjlxg/vt/refs/heads/main/data/nodes/nonni_cn.txt,149
314,https://raw.githubusercontent.com/qjlxg/vt/refs/heads/main/data/nodes/nontontv.vidio.com.isidomain.web.id.txt,6
315,https://raw.githubusercontent.com/qjlxg/vt/refs/heads/main/data/nodes/nontontv_vidio_com_isidomain_web_id.txt,6
316,https://raw.githubusercontent.com/qjlxg/vt/refs/heads/main/data/nodes/novantunnel_life.txt,30
317,https://raw.githubusercontent.com/qjlxg/vt/refs/heads/main/data/nodes/npca_netflix_com_fstores_web_id.txt,87
318,https://raw.githubusercontent.com/qjlxg/vt/refs/heads/main/data/nodes/nrcs_xyz.txt,546
319,https://raw.githubusercontent.com/qjlxg/vt/refs/heads/main/data/nodes/o_552298_xyz.txt,50
320,https://raw.githubusercontent.com/qjlxg/vt/refs/heads/main/data/nodes/on_590_wiki.txt,24
321,https://raw.githubusercontent.com/qjlxg/vt/refs/heads/main/data/nodes/oneplus_10pro_sergionator_duckdns_org.txt,51
322,https://raw.githubusercontent.com/qjlxg/vt/refs/heads/main/data/nodes/opennet_general_sub_tofak_com.txt,36
323,https://raw.githubusercontent.com/qjlxg/vt/refs/heads/main/data/nodes/p02__mysite__zvxy997wc5ql_code_run.txt,16
324,https://raw.githubusercontent.com/qjlxg/vt/refs/heads/main/data/nodes/p03_xiaohezi_it_eu_org.txt,16
325,https://raw.githubusercontent.com/qjlxg/vt/refs/heads/main/data/nodes/partner_zoom_us_fsid_web_id.txt,87
326,https://raw.githubusercontent.com/qjlxg/vt/refs/heads/main/data/nodes/partner_zoom_us_fstores_web_id.txt,87
327,https://raw.githubusercontent.com/qjlxg/vt/refs/heads/main/data/nodes/privasi_bmkg_xyz.txt,49
328,https://raw.githubusercontent.com/qjlxg/vt/refs/heads/main/data/nodes/privasi_cloudproxyip_my_id.txt,6
329,https://raw.githubusercontent.com/qjlxg/vt/refs/heads/main/data/nodes/privasi_najah_biz_id.txt,6
330,https://raw.githubusercontent.com/qjlxg/vt/refs/heads/main/data/nodes/privasi_ndeso_web_id.txt,49
331,https://raw.githubusercontent.com/qjlxg/vt/refs/heads/main/data/nodes/privasi_ndeso_xyz.txt,49
332,https://raw.githubusercontent.com/qjlxg/vt/refs/heads/main/data/nodes/privasi_turah_my_id.txt,49
333,https://raw.githubusercontent.com/qjlxg/vt/refs/heads/main/data/nodes/prod_test_jdevcloud_com.txt,48
334,https://raw.githubusercontent.com/qjlxg/vt/refs/heads/main/data/nodes/proxy.alibadiee.ir.txt,63774
335,https://raw.githubusercontent.com/qjlxg/vt/refs/heads/main/data/nodes/proxy_alibadiee_ir.txt,68224
336,https://raw.githubusercontent.com/qjlxg/vt/refs/heads/main/data/nodes/proxy_sadragoli_ir.txt,392
337,https://raw.githubusercontent.com/qjlxg/vt/refs/heads/main/data/nodes/proxy_yudhy_net.txt,190
338,https://raw.githubusercontent.com/qjlxg/vt/refs/heads/main/data/nodes/pvt_moonop_tech.txt,261
339,https://raw.githubusercontent.com/qjlxg/vt/refs/heads/main/data/nodes/qlkv_jzhou_filegear_sg_me.txt,26
340,https://raw.githubusercontent.com/qjlxg/vt/refs/heads/main/data/nodes/qlwk_vorry_filegear_sg_me.txt,26
341,https://raw.githubusercontent.com/qjlxg/vt/refs/heads/main/data/nodes/qq_imbmw_com.txt,44
342,https://raw.githubusercontent.com/qjlxg/vt/refs/heads/main/data/nodes/quicksafevpn_ru.txt,4
343,https://raw.githubusercontent.com/qjlxg/vt/refs/heads/main/data/nodes/quiz_int_vidio_com_agprtm_my_id.txt,3
344,https://raw.githubusercontent.com/qjlxg/vt/refs/heads/main/data/nodes/quiz_int_vidio_com_cillnet_web_id.txt,236
345,https://raw.githubusercontent.com/qjlxg/vt/refs/heads/main/data/nodes/quiz_int_vidio_com_freevpn_bmkg_xyz.txt,215
346,https://raw.githubusercontent.com/qjlxg/vt/refs/heads/main/data/nodes/quiz_int_vidio_com_freevpn_najah_biz_id.txt,215
347,https://raw.githubusercontent.com/qjlxg/vt/refs/heads/main/data/nodes/quiz_int_vidio_com_freevpn_xhamster_biz_id.txt,215
348,https://raw.githubusercontent.com/qjlxg/vt/refs/heads/main/data/nodes/quiz_int_vidio_com_freexxx_ndeso_xyz.txt,215
349,https://raw.githubusercontent.com/qjlxg/vt/refs/heads/main/data/nodes/quiz_int_vidio_com_freexxx_turah_my_id.txt,215
350,https://raw.githubusercontent.com/qjlxg/vt/refs/heads/main/data/nodes/quiz_int_vidio_com_freexxx_xhamster_biz_id.txt,215
351,https://raw.githubusercontent.com/qjlxg/vt/refs/heads/main/data/nodes/quiz_int_vidio_com_fsid_web_id.txt,87
352,https://raw.githubusercontent.com/qjlxg/vt/refs/heads/main/data/nodes/quiz_int_vidio_com_fstores_web_id.txt,87
353,https://raw.githubusercontent.com/qjlxg/vt/refs/heads/main/data/nodes/quiz_int_vidio_com_id1_qerleng_my_id.txt,20
354,https://raw.githubusercontent.com/qjlxg/vt/refs/heads/main/data/nodes/quiz_int_vidio_com_jfu_hanatabata_xyz.txt,696
355,https://raw.githubusercontent.com/qjlxg/vt/refs/heads/main/data/nodes/quiz_int_vidio_com_joss_checker_ip_web_id.txt,201
356,https://raw.githubusercontent.com/qjlxg/vt/refs/heads/main/data/nodes/quiz_int_vidio_com_multi_swdstore_xyz.txt,129
357,https://raw.githubusercontent.com/qjlxg/vt/refs/heads/main/data/nodes/quiz_int_vidio_com_tunnel_triadz_web_id.txt,190
358,https://raw.githubusercontent.com/qjlxg/vt/refs/heads/main/data/nodes/quiz_int_vidio_com_vless_mhmmddnl_my_id.txt,103
359,https://raw.githubusercontent.com/qjlxg/vt/refs/heads/main/data/nodes/quiz_int_vidio_com_web_bmkg_xyz.txt,215
360,https://raw.githubusercontent.com/qjlxg/vt/refs/heads/main/data/nodes/quiz_int_vidio_com_yaya_web_id.txt,141
361,https://raw.githubusercontent.com/qjlxg/vt/refs/heads/main/data/nodes/quiz_int_vidio_com_zee_upigg_my_id.txt,163
362,https://raw.githubusercontent.com/qjlxg/vt/refs/heads/main/data/nodes/quiz_staging_vidio_com_fsid_web_id.txt,87
363,https://raw.githubusercontent.com/qjlxg/vt/refs/heads/main/data/nodes/quiz_staging_vidio_com_fstores_web_id.txt,87
364,https://raw.githubusercontent.com/qjlxg/vt/refs/heads/main/data/nodes/quiz_vidio_com_but_xsmnet_buzz.txt,189
365,https://raw.githubusercontent.com/qjlxg/vt/refs/heads/main/data/nodes/quiz_vidio_com_fsid_web_id.txt,87
366,https://raw.githubusercontent.com/qjlxg/vt/refs/heads/main/data/nodes/quiz_vidio_com_fstores_web_id.txt,87
367,https://raw.githubusercontent.com/qjlxg/vt/refs/heads/main/data/nodes/quiz_vidio_com_joss_checker_ip_web_id.txt,201
368,https://raw.githubusercontent.com/qjlxg/vt/refs/heads/main/data/nodes/qvsl_vorry_filegear_sg_me.txt,26
369,https://raw.githubusercontent.com/qjlxg/vt/refs/heads/main/data/nodes/rename_yomoh_ggff_net.txt,9
370,https://raw.githubusercontent.com/qjlxg/vt/refs/heads/main/data/nodes/render_okkkk_tk.txt,15
371,https://raw.githubusercontent.com/qjlxg/vt/refs/heads/main/data/nodes/ruangguru_com_fstores_web_id.txt,87
372,https://raw.githubusercontent.com/qjlxg/vt/refs/heads/main/data/nodes/s1_ridzx08_me.txt,3
373,https://raw.githubusercontent.com/qjlxg/vt/refs/heads/main/data/nodes/s_udemycdn_com_cillnet_web_id.txt,236
374,https://raw.githubusercontent.com/qjlxg/vt/refs/heads/main/data/nodes/sajjad_devefun_org.txt,61
375,https://raw.githubusercontent.com/qjlxg/vt/refs/heads/main/data/nodes/sergionator_duckdns_org.txt,51
376,https://raw.githubusercontent.com/qjlxg/vt/refs/heads/main/data/nodes/serim_ari_andika2_site.txt,175
377,https://raw.githubusercontent.com/qjlxg/vt/refs/heads/main/data/nodes/services_truphone_com_requmen_com.txt,50
378,https://raw.githubusercontent.com/qjlxg/vt/refs/heads/main/data/nodes/servpn_my_id.txt,812
379,https://raw.githubusercontent.com/qjlxg/vt/refs/heads/main/data/nodes/sezar.hossein.om.to.txt,4507
380,https://raw.githubusercontent.com/qjlxg/vt/refs/heads/main/data/nodes/sezar_hossein_om_to.txt,2158
381,https://raw.githubusercontent.com/qjlxg/vt/refs/heads/main/data/nodes/sgjp_asolole_biz_id.txt,78
382,https://raw.githubusercontent.com/qjlxg/vt/refs/heads/main/data/nodes/side_sidepath_ir.txt,79
383,https://raw.githubusercontent.com/qjlxg/vt/refs/heads/main/data/nodes/sidepath_ir.txt,82
384,https://raw.githubusercontent.com/qjlxg/vt/refs/heads/main/data/nodes/sidepathteam_ir.txt,79
385,https://raw.githubusercontent.com/qjlxg/vt/refs/heads/main/data/nodes/sirius_f2p_ms.txt,36
386,https://raw.githubusercontent.com/qjlxg/vt/refs/heads/main/data/nodes/site_panwd_cloudns_org.txt,4
387,https://raw.githubusercontent.com/qjlxg/vt/refs/heads/main/data/nodes/staging_vidio_com_fstores_web_id.txt,87
388,https://raw.githubusercontent.com/qjlxg/vt/refs/heads/main/data/nodes/sub_bmaker_cn.txt,14
389,https://raw.githubusercontent.com/qjlxg/vt/refs/heads/main/data/nodes/sub_custom_sir_eu_org.txt,16
390,https://raw.githubusercontent.com/qjlxg/vt/refs/heads/main/data/nodes/sub_fstore_live.txt,87
391,https://raw.githubusercontent.com/qjlxg/vt/refs/heads/main/data/nodes/sub_pro_brain_com.txt,26
392,https://raw.githubusercontent.com/qjlxg/vt/refs/heads/main/data/nodes/sub_xiniah_top.txt,1
393,https://raw.githubusercontent.com/qjlxg/vt/refs/heads/main/data/nodes/sub_xjp4_io.txt,14
394,https://raw.githubusercontent.com/qjlxg/vt/refs/heads/main/data/nodes/sublink_biseda2_eu.txt,12
395,https://raw.githubusercontent.com/qjlxg/vt/refs/heads/main/data/nodes/subs_cryptoyee_com.txt,14
396,https://raw.githubusercontent.com/qjlxg/vt/refs/heads/main/data/nodes/subs_liaoxy_top.txt,14
397,https://raw.githubusercontent.com/qjlxg/vt/refs/heads/main/data/nodes/support.zoom.us.wilcard.cyantiknya.my.id.txt,575
398,https://raw.githubusercontent.com/qjlxg/vt/refs/heads/main/data/nodes/support_zoom_us_1id_kinamori_xyz.txt,132
399,https://raw.githubusercontent.com/qjlxg/vt/refs/heads/main/data/nodes/support_zoom_us_but_xsmnet_buzz.txt,189
400,https://raw.githubusercontent.com/qjlxg/vt/refs/heads/main/data/nodes/support_zoom_us_cf_novantunnel_life.txt,182
401,https://raw.githubusercontent.com/qjlxg/vt/refs/heads/main/data/nodes/support_zoom_us_freevpn_bmkg_xyz.txt,215
402,https://raw.githubusercontent.com/qjlxg/vt/refs/heads/main/data/nodes/support_zoom_us_freevpn_ndeso_xyz.txt,215
403,https://raw.githubusercontent.com/qjlxg/vt/refs/heads/main/data/nodes/support_zoom_us_freevpn_xhamster_biz_id.txt,215
404,https://raw.githubusercontent.com/qjlxg/vt/refs/heads/main/data/nodes/support_zoom_us_freexxx_turah_my_id.txt,215
405,https://raw.githubusercontent.com/qjlxg/vt/refs/heads/main/data/nodes/support_zoom_us_freexxx_xhamster_biz_id.txt,215
406,https://raw.githubusercontent.com/qjlxg/vt/refs/heads/main/data/nodes/support_zoom_us_fstores_web_id.txt,87
407,https://raw.githubusercontent.com/qjlxg/vt/refs/heads/main/data/nodes/support_zoom_us_joss_checker_ip_web_id.txt,201
408,https://raw.githubusercontent.com/qjlxg/vt/refs/heads/main/data/nodes/support_zoom_us_lufeng_pw.txt,167
409,https://raw.githubusercontent.com/qjlxg/vt/refs/heads/main/data/nodes/support_zoom_us_multi_swdstore_xyz.txt,129
410,https://raw.githubusercontent.com/qjlxg/vt/refs/heads/main/data/nodes/support_zoom_us_multi_xsmnet_buzz.txt,273
411,https://raw.githubusercontent.com/qjlxg/vt/refs/heads/main/data/nodes/support_zoom_us_sgjp_asolole_biz_id.txt,78
412,https://raw.githubusercontent.com/qjlxg/vt/refs/heads/main/data/nodes/support_zoom_us_vipren_biz_id.txt,32
413,https://raw.githubusercontent.com/qjlxg/vt/refs/heads/main/data/nodes/support_zoom_us_vless_mhmmddnl_my_id.txt,103
414,https://raw.githubusercontent.com/qjlxg/vt/refs/heads/main/data/nodes/support_zoom_us_web_bmkg_xyz.txt,215
415,https://raw.githubusercontent.com/qjlxg/vt/refs/heads/main/data/nodes/support_zoom_us_wilcard_cyantiknya_my_id.txt,1707
416,https://raw.githubusercontent.com/qjlxg/vt/refs/heads/main/data/nodes/support_zoom_us_xvpn_raynet_my_id.txt,23
417,https://raw.githubusercontent.com/qjlxg/vt/refs/heads/main/data/nodes/support_zoom_us_zee_upigg_my_id.txt,163
418,https://raw.githubusercontent.com/qjlxg/vt/refs/heads/main/data/nodes/svr_lufeng_pw.txt,167
419,https://raw.githubusercontent.com/qjlxg/vt/refs/heads/main/data/nodes/t_13112221_xyz.txt,50
420,https://raw.githubusercontent.com/qjlxg/vt/refs/heads/main/data/nodes/telebotking_ggff_net.txt,18
421,https://raw.githubusercontent.com/qjlxg/vt/refs/heads/main/data/nodes/tes_com_fstores_web_id.txt,87
422,https://raw.githubusercontent.com/qjlxg/vt/refs/heads/main/data/nodes/tes_nextz_my_id.txt,15
423,https://raw.githubusercontent.com/qjlxg/vt/refs/heads/main/data/nodes/tikvpn_shop.txt,99
424,https://raw.githubusercontent.com/qjlxg/vt/refs/heads/main/data/nodes/tims_turkcell_requmen_com.txt,50
425,https://raw.githubusercontent.com/qjlxg/vt/refs/heads/main/data/nodes/ttt_kaychen_cn.txt,15
426,https://raw.githubusercontent.com/qjlxg/vt/refs/heads/main/data/nodes/tunnel_triadz_web_id.txt,190
427,https://raw.githubusercontent.com/qjlxg/vt/refs/heads/main/data/nodes/tunnelz_me.txt,30
428,https://raw.githubusercontent.com/qjlxg/vt/refs/heads/main/data/nodes/ubtvpn_ru.txt,42
429,https://raw.githubusercontent.com/qjlxg/vt/refs/heads/main/data/nodes/unlimited.spauu.web.id.txt,405
430,https://raw.githubusercontent.com/qjlxg/vt/refs/heads/main/data/nodes/unlimited_spauu_web_id.txt,1208
431,https://raw.githubusercontent.com/qjlxg/vt/refs/heads/main/data/nodes/us_fstores_web_id.txt,87
432,https://raw.githubusercontent.com/qjlxg/vt/refs/heads/main/data/nodes/userdownload_pages_dev.txt,4
433,https://raw.githubusercontent.com/qjlxg/vt/refs/heads/main/data/nodes/v2_lqiang_link.txt,28
434,https://raw.githubusercontent.com/qjlxg/vt/refs/heads/main/data/nodes/v2ray_fwq_laoyoutiao_link.txt,92
435,https://raw.githubusercontent.com/qjlxg/vt/refs/heads/main/data/nodes/v2ray_gd_laoyoutiao_link.txt,40
436,https://raw.githubusercontent.com/qjlxg/vt/refs/heads/main/data/nodes/v2ray_ym_laoyoutiao_link.txt,192
437,https://raw.githubusercontent.com/qjlxg/vt/refs/heads/main/data/nodes/v2ray_yx_laoyoutiao_link.txt,84
438,https://raw.githubusercontent.com/qjlxg/vt/refs/heads/main/data/nodes/v2rayng_lk1337_top.txt,6
439,https://raw.githubusercontent.com/qjlxg/vt/refs/heads/main/data/nodes/v2sub_msdos6dot9_top.txt,4
440,https://raw.githubusercontent.com/qjlxg/vt/refs/heads/main/data/nodes/v2testelm_lmhost_online.txt,49
441,https://raw.githubusercontent.com/qjlxg/vt/refs/heads/main/data/nodes/vahid_ishijar_com.txt,17
442,https://raw.githubusercontent.com/qjlxg/vt/refs/heads/main/data/nodes/vibeacon_onezapp_com_vts_selo_biz_id.txt,20
443,https://raw.githubusercontent.com/qjlxg/vt/refs/heads/main/data/nodes/vidio.com.isidomain.web.id.txt,122110
444,https://raw.githubusercontent.com/qjlxg/vt/refs/heads/main/data/nodes/vidio_com_fstores_web_id.txt,87
445,https://raw.githubusercontent.com/qjlxg/vt/refs/heads/main/data/nodes/vidio_com_isidomain_web_id.txt,0
446,https://raw.githubusercontent.com/qjlxg/vt/refs/heads/main/data/nodes/vip_arivganteng_biz_id.txt,761
447,https://raw.githubusercontent.com/qjlxg/vt/refs/heads/main/data/nodes/vip_boy_vpn_my_id.txt,85
448,https://raw.githubusercontent.com/qjlxg/vt/refs/heads/main/data/nodes/vip_kholilah_xyz.txt,87
449,https://raw.githubusercontent.com/qjlxg/vt/refs/heads/main/data/nodes/vipren_biz_id.txt,32
450,https://raw.githubusercontent.com/qjlxg/vt/refs/heads/main/data/nodes/vless.cyantiknya.my.id.txt,575
451,https://raw.githubusercontent.com/qjlxg/vt/refs/heads/main/data/nodes/vless_cillnet_my_id.txt,236
452,https://raw.githubusercontent.com/qjlxg/vt/refs/heads/main/data/nodes/vless_cyantiknya_my_id.txt,1707
453,https://raw.githubusercontent.com/qjlxg/vt/refs/heads/main/data/nodes/vless_imamsuyad_me.txt,3
454,https://raw.githubusercontent.com/qjlxg/vt/refs/heads/main/data/nodes/vless_kensoko_my_id.txt,107
455,https://raw.githubusercontent.com/qjlxg/vt/refs/heads/main/data/nodes/vless_mhmmddnl_my_id.txt,103
456,https://raw.githubusercontent.com/qjlxg/vt/refs/heads/main/data/nodes/vpn_chaprashid_com.txt,10
457,https://raw.githubusercontent.com/qjlxg/vt/refs/heads/main/data/nodes/vpn_lucka_biz_id.txt,174
458,https://raw.githubusercontent.com/qjlxg/vt/refs/heads/main/data/nodes/vpn_tunnelz_me.txt,30
459,https://raw.githubusercontent.com/qjlxg/vt/refs/heads/main/data/nodes/vpn_y7_hk.txt,112
460,https://raw.githubusercontent.com/qjlxg/vt/refs/heads/main/data/nodes/vpnvvip_web_id.txt,30
461,https://raw.githubusercontent.com/qjlxg/vt/refs/heads/main/data/nodes/vts_selo_biz_id.txt,20
462,https://raw.githubusercontent.com/qjlxg/vt/refs/heads/main/data/nodes/vuclip_com_fstores_web_id.txt,87
463,https://raw.githubusercontent.com/qjlxg/vt/refs/heads/main/data/nodes/walawe_68f_pages_dev.txt,18
464,https://raw.githubusercontent.com/qjlxg/vt/refs/heads/main/data/nodes/warp_axder_cn.txt,24
465,https://raw.githubusercontent.com/qjlxg/vt/refs/heads/main/data/nodes/warpip_irss_eu_org.txt,1
466,https://raw.githubusercontent.com/qjlxg/vt/refs/heads/main/data/nodes/warpym_irss_eu_org.txt,1
467,https://raw.githubusercontent.com/qjlxg/vt/refs/heads/main/data/nodes/web_bmkg_xyz.txt,215
468,https://raw.githubusercontent.com/qjlxg/vt/refs/heads/main/data/nodes/web_ndeso_xyz.txt,215
469,https://raw.githubusercontent.com/qjlxg/vt/refs/heads/main/data/nodes/webex_com_fstores_web_id.txt,87
470,https://raw.githubusercontent.com/qjlxg/vt/refs/heads/main/data/nodes/weiss2_jiekes_one.txt,22
471,https://raw.githubusercontent.com/qjlxg/vt/refs/heads/main/data/nodes/worker_sacreations_live.txt,2
472,https://raw.githubusercontent.com/qjlxg/vt/refs/heads/main/data/nodes/x12_amsterdam_scaleway_v2_30w5b_devefun_org.txt,61
473,https://raw.githubusercontent.com/qjlxg/vt/refs/heads/main/data/nodes/x1_amsterdam_linode_v2_9oqj5_devefun_org.txt,61
474,https://raw.githubusercontent.com/qjlxg/vt/refs/heads/main/data/nodes/x1_canada_linode_v2_fl879_devefun_org.txt,61
475,https://raw.githubusercontent.com/qjlxg/vt/refs/heads/main/data/nodes/x1_czech_aruba_v2_devefun_org.txt,61
476,https://raw.githubusercontent.com/qjlxg/vt/refs/heads/main/data/nodes/x1_england_amazon_v2_devefun_cloud.txt,61
477,https://raw.githubusercontent.com/qjlxg/vt/refs/heads/main/data/nodes/x1_england_amazon_v2_devefun_org.txt,61
478,https://raw.githubusercontent.com/qjlxg/vt/refs/heads/main/data/nodes/x1_england_aruba_v2_devefun_org.txt,61
479,https://raw.githubusercontent.com/qjlxg/vt/refs/heads/main/data/nodes/x1_england_linode_v2_56k2k_devefun_org.txt,61
480,https://raw.githubusercontent.com/qjlxg/vt/refs/heads/main/data/nodes/x1_france_aruba_v2_devefun_org.txt,61
481,https://raw.githubusercontent.com/qjlxg/vt/refs/heads/main/data/nodes/x1_france_linode_v2_m899o_devefun_org.txt,61
482,https://raw.githubusercontent.com/qjlxg/vt/refs/heads/main/data/nodes/x1_france_scaleway_v2_399j2_devefun_org.txt,61
483,https://raw.githubusercontent.com/qjlxg/vt/refs/heads/main/data/nodes/x1_france_scaleway_v2_devefun_cloud.txt,61
484,https://raw.githubusercontent.com/qjlxg/vt/refs/heads/main/data/nodes/x1_france_scaleway_v2_devefun_org.txt,61
485,https://raw.githubusercontent.com/qjlxg/vt/refs/heads/main/data/nodes/x1_germany_amazon_v2_devefun_cloud.txt,61
486,https://raw.githubusercontent.com/qjlxg/vt/refs/heads/main/data/nodes/x1_germany_amazon_v2_devefun_org.txt,61
487,https://raw.githubusercontent.com/qjlxg/vt/refs/heads/main/data/nodes/x1_germany_aruba_v2_devefun_org.txt,61
488,https://raw.githubusercontent.com/qjlxg/vt/refs/heads/main/data/nodes/x1_germany_digitalocean_v2_devefun_cloud.txt,61
489,https://raw.githubusercontent.com/qjlxg/vt/refs/heads/main/data/nodes/x1_germany_digitalocean_v2_devefun_org.txt,61
490,https://raw.githubusercontent.com/qjlxg/vt/refs/heads/main/data/nodes/x1_germany_linode_v2_jk001_devefun_org.txt,61
491,https://raw.githubusercontent.com/qjlxg/vt/refs/heads/main/data/nodes/x1_ireland_amazon_v2_devefun_cloud.txt,61
492,https://raw.githubusercontent.com/qjlxg/vt/refs/heads/main/data/nodes/x1_ireland_amazon_v2_devefun_org.txt,61
493,https://raw.githubusercontent.com/qjlxg/vt/refs/heads/main/data/nodes/x1_italy_aruba_v2_devefun_org.txt,61
494,https://raw.githubusercontent.com/qjlxg/vt/refs/heads/main/data/nodes/x1_italy_linode_v2_au5kx_devefun_org.txt,61
495,https://raw.githubusercontent.com/qjlxg/vt/refs/heads/main/data/nodes/x1_japan_amazon_v2_devefun_cloud.txt,61
496,https://raw.githubusercontent.com/qjlxg/vt/refs/heads/main/data/nodes/x1_japan_amazon_v2_devefun_org.txt,61
497,https://raw.githubusercontent.com/qjlxg/vt/refs/heads/main/data/nodes/x1_japan_linode_v2_pwlzp_devefun_org.txt,61
498,https://raw.githubusercontent.com/qjlxg/vt/refs/heads/main/data/nodes/x1_poland_aruba_v2_devefun_org.txt,61
499,https://raw.githubusercontent.com/qjlxg/vt/refs/heads/main/data/nodes/x1_spian_linode_v2_7xk23_devefun_org.txt,61
500,https://raw.githubusercontent.com/qjlxg/vt/refs/heads/main/data/nodes/x1_sweden_linode_v2_71u92_devefun_org.txt,61
501,https://raw.githubusercontent.com/qjlxg/vt/refs/heads/main/data/nodes/x1_usa_amazon_v2_devefun_org.txt,61
502,https://raw.githubusercontent.com/qjlxg/vt/refs/heads/main/data/nodes/x1_usa_digitalocean_v2_devefun_cloud.txt,61
503,https://raw.githubusercontent.com/qjlxg/vt/refs/heads/main/data/nodes/x1_usa_digitalocean_v2_devefun_org.txt,61
504,https://raw.githubusercontent.com/qjlxg/vt/refs/heads/main/data/nodes/x1_usa_linode_v2_99z1f_devefun_org.txt,61
505,https://raw.githubusercontent.com/qjlxg/vt/refs/heads/main/data/nodes/x2_england_amazon_v2_devefun_cloud.txt,61
506,https://raw.githubusercontent.com/qjlxg/vt/refs/heads/main/data/nodes/x2_england_amazon_v2_devefun_org.txt,61
507,https://raw.githubusercontent.com/qjlxg/vt/refs/heads/main/data/nodes/x2_france_scaleway_v2_0q16l_devefun_org.txt,61
508,https://raw.githubusercontent.com/qjlxg/vt/refs/heads/main/data/nodes/x2_france_scaleway_v2_devefun_cloud.txt,61
509,https://raw.githubusercontent.com/qjlxg/vt/refs/heads/main/data/nodes/x2_france_scaleway_v2_devefun_org.txt,61
510,https://raw.githubusercontent.com/qjlxg/vt/refs/heads/main/data/nodes/x2_germany_amazon_v2_devefun_cloud.txt,61
511,https://raw.githubusercontent.com/qjlxg/vt/refs/heads/main/data/nodes/x2_germany_amazon_v2_devefun_org.txt,61
512,https://raw.githubusercontent.com/qjlxg/vt/refs/heads/main/data/nodes/x2_germany_amazon_v2_devefun_tech.txt,61
513,https://raw.githubusercontent.com/qjlxg/vt/refs/heads/main/data/nodes/x2_ireland_amazon_v2_devefun_cloud.txt,61
514,https://raw.githubusercontent.com/qjlxg/vt/refs/heads/main/data/nodes/x2_ireland_amazon_v2_devefun_org.txt,61
515,https://raw.githubusercontent.com/qjlxg/vt/refs/heads/main/data/nodes/x2_italy_aruba_v2_devefun_org.txt,61
516,https://raw.githubusercontent.com/qjlxg/vt/refs/heads/main/data/nodes/x2_japan_amazon_v2_devefun_cloud.txt,61
517,https://raw.githubusercontent.com/qjlxg/vt/refs/heads/main/data/nodes/x2_japan_amazon_v2_devefun_org.txt,61
518,https://raw.githubusercontent.com/qjlxg/vt/refs/heads/main/data/nodes/x2_japan_amazon_v2_devefun_tech.txt,61
519,https://raw.githubusercontent.com/qjlxg/vt/refs/heads/main/data/nodes/x2_poland_scaleway_v2_bvvgo_devefun_org.txt,61
520,https://raw.githubusercontent.com/qjlxg/vt/refs/heads/main/data/nodes/x2_sweden_amazon_v2_devefun_cloud.txt,61
521,https://raw.githubusercontent.com/qjlxg/vt/refs/heads/main/data/nodes/x2_sweden_amazon_v2_devefun_org.txt,61
522,https://raw.githubusercontent.com/qjlxg/vt/refs/heads/main/data/nodes/x2_sweden_amazon_v2_devefun_tech.txt,61
523,https://raw.githubusercontent.com/qjlxg/vt/refs/heads/main/data/nodes/x2_usa_amazon_v2_devefun_cloud.txt,61
524,https://raw.githubusercontent.com/qjlxg/vt/refs/heads/main/data/nodes/x2_usa_amazon_v2_devefun_org.txt,61
525,https://raw.githubusercontent.com/qjlxg/vt/refs/heads/main/data/nodes/x3_france_scaleway_v2_devefun_cloud.txt,61
526,https://raw.githubusercontent.com/qjlxg/vt/refs/heads/main/data/nodes/x3_france_scaleway_v2_devefun_org.txt,61
527,https://raw.githubusercontent.com/qjlxg/vt/refs/heads/main/data/nodes/x3_france_scaleway_v2_ss3mk_devefun_org.txt,61
528,https://raw.githubusercontent.com/qjlxg/vt/refs/heads/main/data/nodes/x3_poland_scaleway_v2_i589x_devefun_org.txt,61
529,https://raw.githubusercontent.com/qjlxg/vt/refs/heads/main/data/nodes/x3_spain_clouding_v2_200dh_devefun_org.txt,61
530,https://raw.githubusercontent.com/qjlxg/vt/refs/heads/main/data/nodes/x4_france_scaleway_v2_devefun_cloud.txt,61
531,https://raw.githubusercontent.com/qjlxg/vt/refs/heads/main/data/nodes/x4_france_scaleway_v2_devefun_org.txt,61
532,https://raw.githubusercontent.com/qjlxg/vt/refs/heads/main/data/nodes/x4_germany_ionos_v2_k4ap5_devefun_org.txt,61
533,https://raw.githubusercontent.com/qjlxg/vt/refs/heads/main/data/nodes/x4_spain_clouding_v2_9425l_devefun_org.txt,61
534,https://raw.githubusercontent.com/qjlxg/vt/refs/heads/main/data/nodes/x5_canada_amazon_v2_21qsg_devefun_org.txt,61
535,https://raw.githubusercontent.com/qjlxg/vt/refs/heads/main/data/nodes/x5_france_scaleway_v2_devefun_cloud.txt,61
536,https://raw.githubusercontent.com/qjlxg/vt/refs/heads/main/data/nodes/x5_france_scaleway_v2_devefun_org.txt,61
537,https://raw.githubusercontent.com/qjlxg/vt/refs/heads/main/data/nodes/x5_germany_amazon_v2_tw4od_devefun_org.txt,61
538,https://raw.githubusercontent.com/qjlxg/vt/refs/heads/main/data/nodes/x5_sweden_amazon_v2_34z0x_devefun_org.txt,61
539,https://raw.githubusercontent.com/qjlxg/vt/refs/heads/main/data/nodes/x5_usa_amazon_v2_p1sqx_devefun_org.txt,61
540,https://raw.githubusercontent.com/qjlxg/vt/refs/heads/main/data/nodes/x6_canada_amazon_v2_bzsn4_devefun_org.txt,61
541,https://raw.githubusercontent.com/qjlxg/vt/refs/heads/main/data/nodes/x6_england_amazon_v2_3s677_devefun_org.txt,61
542,https://raw.githubusercontent.com/qjlxg/vt/refs/heads/main/data/nodes/x7_england_amazon_v2_j0t4m_devefun_org.txt,61
543,https://raw.githubusercontent.com/qjlxg/vt/refs/heads/main/data/nodes/x8_england_amazon_v2_uq8p8_devefun_org.txt,61
544,https://raw.githubusercontent.com/qjlxg/vt/refs/heads/main/data/nodes/x8_germany_amazon_v2_rug6e_devefun_org.txt,61
545,https://raw.githubusercontent.com/qjlxg/vt/refs/heads/main/data/nodes/x_xjp4_io.txt,9
546,https://raw.githubusercontent.com/qjlxg/vt/refs/heads/main/data/nodes/xbkj_akao_us_kg.txt,24
547,https://raw.githubusercontent.com/qjlxg/vt/refs/heads/main/data/nodes/xiaobai_nsfwstl_cn.txt,24
548,https://raw.githubusercontent.com/qjlxg/vt/refs/heads/main/data/nodes/xsm_web_id.txt,12
549,https://raw.githubusercontent.com/qjlxg/vt/refs/heads/main/data/nodes/xvpn_raynet_my_id.txt,23
550,https://raw.githubusercontent.com/qjlxg/vt/refs/heads/main/data/nodes/yangshuo_xjp4_io.txt,30
551,https://raw.githubusercontent.com/qjlxg/vt/refs/heads/main/data/nodes/yaya_web_id.txt,141
552,https://raw.githubusercontent.com/qjlxg/vt/refs/heads/main/data/nodes/zaintest.vuclip.com.unlimited.spauu.web.id.txt,405
553,https://raw.githubusercontent.com/qjlxg/vt/refs/heads/main/data/nodes/zaintest.vuclip.comwilcard.cyantiknya.my.id.txt,575
554,https://raw.githubusercontent.com/qjlxg/vt/refs/heads/main/data/nodes/zaintest_vuclip_com_aink_workerz_site.txt,183
555,https://raw.githubusercontent.com/qjlxg/vt/refs/heads/main/data/nodes/zaintest_vuclip_com_but_xsmnet_buzz.txt,189
556,https://raw.githubusercontent.com/qjlxg/vt/refs/heads/main/data/nodes/zaintest_vuclip_com_cf_novantunnel_life.txt,182
557,https://raw.githubusercontent.com/qjlxg/vt/refs/heads/main/data/nodes/zaintest_vuclip_com_cillnet_my_id.txt,236
558,https://raw.githubusercontent.com/qjlxg/vt/refs/heads/main/data/nodes/zaintest_vuclip_com_cillnet_web_id.txt,236
559,https://raw.githubusercontent.com/qjlxg/vt/refs/heads/main/data/nodes/zaintest_vuclip_com_freevpn_bmkg_xyz.txt,215
560,https://raw.githubusercontent.com/qjlxg/vt/refs/heads/main/data/nodes/zaintest_vuclip_com_freevpn_najah_biz_id.txt,215
561,https://raw.githubusercontent.com/qjlxg/vt/refs/heads/main/data/nodes/zaintest_vuclip_com_freevpn_ndeso_web_id.txt,215
562,https://raw.githubusercontent.com/qjlxg/vt/refs/heads/main/data/nodes/zaintest_vuclip_com_freevpn_ndeso_xyz.txt,215
563,https://raw.githubusercontent.com/qjlxg/vt/refs/heads/main/data/nodes/zaintest_vuclip_com_freevpn_xhamster_biz_id.txt,215
564,https://raw.githubusercontent.com/qjlxg/vt/refs/heads/main/data/nodes/zaintest_vuclip_com_fsid_web_id.txt,87
565,https://raw.githubusercontent.com/qjlxg/vt/refs/heads/main/data/nodes/zaintest_vuclip_com_fstores_web_id.txt,87
566,https://raw.githubusercontent.com/qjlxg/vt/refs/heads/main/data/nodes/zaintest_vuclip_com_joss_checker_ip_web_id.txt,201
567,https://raw.githubusercontent.com/qjlxg/vt/refs/heads/main/data/nodes/zaintest_vuclip_com_lufeng_pw.txt,167
568,https://raw.githubusercontent.com/qjlxg/vt/refs/heads/main/data/nodes/zaintest_vuclip_com_multi_swdstore_xyz.txt,129
569,https://raw.githubusercontent.com/qjlxg/vt/refs/heads/main/data/nodes/zaintest_vuclip_com_unlimited_spauu_web_id.txt,1208
570,https://raw.githubusercontent.com/qjlxg/vt/refs/heads/main/data/nodes/zaintest_vuclip_com_vless_mhmmddnl_my_id.txt,103
571,https://raw.githubusercontent.com/qjlxg/vt/refs/heads/main/data/nodes/zaintest_vuclip_com_web_bmkg_xyz.txt,215
572,https://raw.githubusercontent.com/qjlxg/vt/refs/heads/main/data/nodes/zaintest_vuclip_com_web_ndeso_xyz.txt,211
573,https://raw.githubusercontent.com/qjlxg/vt/refs/heads/main/data/nodes/zaintest_vuclip_com_xvpn_raynet_my_id.txt,22
574,https://raw.githubusercontent.com/qjlxg/vt/refs/heads/main/data/nodes/zaintest_vuclip_com_yaya_web_id.txt,141
575,https://raw.githubusercontent.com/qjlxg/vt/refs/heads/main/data/nodes/zaintest_vuclip_com_zee_upigg_my_id.txt,163
576,https://raw.githubusercontent.com/qjlxg/vt/refs/heads/main/data/nodes/zaintest_vuclip_comwilcard_cyantiknya_my_id.txt,1707
577,https://raw.githubusercontent.com/qjlxg/vt/refs/heads/main/data/nodes/zee_upigg_my_id.txt,163
578,https://raw.githubusercontent.com/qjlxg/vt/refs/heads/main/data/nodes/zoom_us_fstores_web_id.txt,87
579,https://raw.githubusercontent.com/qjlxg/vt/refs/heads/main/data/nodes/zoomcares_zoom_us_fsid_web_id.txt,87
580,https://raw.githubusercontent.com/qjlxg/vt/refs/heads/main/data/nodes/zoomgov.vipren.biz.id.txt,4960
581,https://raw.githubusercontent.com/qjlxg/vt/refs/heads/main/data/nodes/zoomgov_but_xsmnet_buzz.txt,189
582,https://raw.githubusercontent.com/qjlxg/vt/refs/heads/main/data/nodes/zoomgov_com_fsid_web_id.txt,87
583,https://raw.githubusercontent.com/qjlxg/vt/refs/heads/main/data/nodes/zoomgov_com_fstores_web_id.txt,87
584,https://raw.githubusercontent.com/qjlxg/vt/refs/heads/main/data/nodes/zoomgov_vipren_biz_id.txt,10666
585,https://raw.githubusercontent.com/qjlxg/vt/refs/heads/main/data/nodes/zwemschoolsia_nl.txt,165504
586,https://raw.githubusercontent.com/qjlxg/vt/refs/heads/main/data/nodes/zzz_zywn_cloudns_org.txt,24

总计,,42887
